"filename", "language", "Python", "comment", "blank", "total"
"/home/wuyu/code2sql/config/__init__.py", "Python", 3, 0, 1, 4
"/home/wuyu/code2sql/config/data_processing/__init__.py", "Python", 0, 0, 1, 1
"/home/wuyu/code2sql/config/data_processing/cleaning/fix_review_prompts.py", "Python", 59, 0, 30, 89
"/home/wuyu/code2sql/config/data_processing/cleaning/keyword_processing_prompt.py", "Python", 146, 0, 34, 180
"/home/wuyu/code2sql/config/data_processing/cleaning/special_keyword_prompt.py", "Python", 124, 0, 23, 147
"/home/wuyu/code2sql/config/data_processing/cleaning/sql_completeness_check_prompt.py", "Python", 133, 0, 31, 164
"/home/wuyu/code2sql/config/data_processing/synthetic_data_generator/__init__.py", "Python", 12, 0, 3, 15
"/home/wuyu/code2sql/config/data_processing/synthetic_data_generator/config.py", "Python", 197, 0, 44, 241
"/home/wuyu/code2sql/config/data_processing/synthetic_data_generator/prompts.py", "Python", 87, 0, 19, 106
"/home/wuyu/code2sql/config/data_processing/validation/control_flow_validation_prompt.py", "Python", 175, 0, 38, 213
"/home/wuyu/code2sql/config/data_processing/validation/redundant_sql_validation_prompt.py", "Python", 182, 0, 60, 242
"/home/wuyu/code2sql/config/data_processing/validation/validation_prompts.py", "Python", 493, 0, 13, 506
"/home/wuyu/code2sql/config/data_processing/workflow/workflow_config.py", "Python", 288, 0, 63, 351
"/home/wuyu/code2sql/config/llm/__init__.py", "Python", 7, 0, 2, 9
"/home/wuyu/code2sql/config/llm/llm_config.py", "Python", 127, 0, 28, 155
"/home/wuyu/code2sql/config/llm/prompts.py", "Python", 142, 0, 30, 172
"/home/wuyu/code2sql/config/rl/data_conversion/orm2sql_prompt_template.py", "Python", 112, 0, 26, 138
"/home/wuyu/code2sql/config/training/__init__.py", "Python", 1, 0, 0, 1
"/home/wuyu/code2sql/config/training/data_conversion/__init__.py", "Python", 1, 0, 0, 1
"/home/wuyu/code2sql/config/training/data_conversion/orm2sql_prompt_template.py", "Python", 74, 0, 15, 89
"/home/wuyu/code2sql/data_processing/__init__.py", "Python", 45, 0, 7, 52
"/home/wuyu/code2sql/data_processing/cleaning/__init__.py", "Python", 11, 0, 3, 14
"/home/wuyu/code2sql/data_processing/cleaning/orm_sql_fingerprint_analyzer.py", "Python", 608, 0, 121, 729
"/home/wuyu/code2sql/data_processing/cleaning/sql_cleaner.py", "Python", 281, 0, 66, 347
"/home/wuyu/code2sql/data_processing/converter/__init__.py", "Python", 10, 0, 3, 13
"/home/wuyu/code2sql/data_processing/converter/rl_data_converter.py", "Python", 421, 0, 93, 514
"/home/wuyu/code2sql/data_processing/converter/training_data_converter.py", "Python", 261, 0, 74, 335
"/home/wuyu/code2sql/data_processing/data_analyzer.py", "Python", 309, 0, 67, 376
"/home/wuyu/code2sql/data_processing/data_reader.py", "Python", 560, 0, 130, 690
"/home/wuyu/code2sql/data_processing/make_data.py", "Python", 830, 0, 188, 1018
"/home/wuyu/code2sql/data_processing/synthetic_data_generator/__init__.py", "Python", 7, 0, 3, 10
"/home/wuyu/code2sql/data_processing/synthetic_data_generator/cli.py", "Python", 135, 0, 29, 164
"/home/wuyu/code2sql/data_processing/synthetic_data_generator/example_usage.py", "Python", 107, 0, 32, 139
"/home/wuyu/code2sql/data_processing/synthetic_data_generator/generator.py", "Python", 440, 0, 69, 509
"/home/wuyu/code2sql/data_processing/synthetic_data_generator/test_generator.py", "Python", 62, 0, 20, 82
"/home/wuyu/code2sql/data_processing/validation/__init__.py", "Python", 1, 0, 0, 1
"/home/wuyu/code2sql/data_processing/validation/control_flow_validator.py", "Python", 581, 0, 124, 705
"/home/wuyu/code2sql/data_processing/validation/redundant_sql_validator.py", "Python", 533, 0, 95, 628
"/home/wuyu/code2sql/data_processing/validation/validator.py", "Python", 602, 0, 93, 695
"/home/wuyu/code2sql/data_processing/workflow/__init__.py", "Python", 12, 0, 3, 15
"/home/wuyu/code2sql/data_processing/workflow/workflow_manager.py", "Python", 2613, 0, 496, 3109
"/home/wuyu/code2sql/main.py", "Python", 4, 0, 3, 7
"/home/wuyu/code2sql/model/evaluation/comparative_eval/scripts/run_comparison.py", "Python", 280, 0, 58, 338
"/home/wuyu/code2sql/model/evaluation/comparative_eval/scripts/run_dataset_comparison.py", "Python", 285, 0, 56, 341
"/home/wuyu/code2sql/model/evaluation/comparative_eval/scripts/utils/response_parser.py", "Python", 84, 0, 18, 102
"/home/wuyu/code2sql/model/evaluation/fingerprint_eval/scripts/evaluation_report_generator.py", "Python", 509, 0, 90, 599
"/home/wuyu/code2sql/model/evaluation/fingerprint_eval/scripts/model_evaluator.py", "Python", 460, 0, 97, 557
"/home/wuyu/code2sql/model/evaluation/fingerprint_eval/scripts/run_evaluation.py", "Python", 357, 0, 81, 438
"/home/wuyu/code2sql/model/rl/code2sql_reward.py", "Python", 866, 0, 185, 1051
"/home/wuyu/code2sql/model/rl/composite_reward.py", "Python", 782, 0, 170, 952
"/home/wuyu/code2sql/model/rl/run_verl_training.py", "Python", 240, 0, 52, 292
"/home/wuyu/code2sql/model/training/train_qwen3_ft.py", "Python", 192, 0, 47, 239
"/home/wuyu/code2sql/run_dataset_viewer.py", "Python", 33, 0, 6, 39
"/home/wuyu/code2sql/run_workflow.py", "Python", 61, 0, 17, 78
"/home/wuyu/code2sql/scripts/convert_rl_data.py", "Python", 117, 0, 32, 149
"/home/wuyu/code2sql/scripts/convert_training_data.py", "Python", 32, 0, 10, 42
"/home/wuyu/code2sql/scripts/data_format_aligner.py", "Python", 162, 0, 45, 207
"/home/wuyu/code2sql/synthetic_data_example.py", "Python", 184, 0, 47, 231
"/home/wuyu/code2sql/test_sglang_curl.py", "Python", 194, 0, 31, 225
"/home/wuyu/code2sql/test_visualization.py", "Python", 128, 0, 12, 140
"/home/wuyu/code2sql/tests/__init__.py", "Python", 1, 0, 0, 1
"/home/wuyu/code2sql/tests/test_control_flow_validation.py", "Python", 485, 0, 46, 531
"/home/wuyu/code2sql/tests/test_data_cleaning_example.py", "Python", 103, 0, 31, 134
"/home/wuyu/code2sql/tests/test_keyword_extraction.py", "Python", 226, 0, 75, 301
"/home/wuyu/code2sql/tests/test_llm_servers.py", "Python", 200, 0, 41, 241
"/home/wuyu/code2sql/tests/test_redundant_validation.py", "Python", 85, 0, 25, 110
"/home/wuyu/code2sql/utils/__init__.py", "Python", 3, 0, 1, 4
"/home/wuyu/code2sql/utils/format_validators.py", "Python", 695, 0, 127, 822
"/home/wuyu/code2sql/utils/llm_client.py", "Python", 198, 0, 37, 235
"/home/wuyu/code2sql/utils/preprocess.py", "Python", 47, 0, 13, 60
"/home/wuyu/code2sql/utils/response_parser.py", "Python", 171, 0, 36, 207
"/home/wuyu/code2sql/utils/sql_feature_extractor.py", "Python", 1944, 0, 324, 2268
"/home/wuyu/code2sql/utils/workflow_visualizer.py", "Python", 340, 0, 68, 408
"/home/wuyu/code2sql/web_server/main.py", "Python", 1616, 0, 246, 1862
"Total", "-", 21876, 0, 4304, 26180